id|title|product|daysActive|hasTour|pdpUrl|tenureType|highlights|agencies|area|propertyTypes|carSpaces|state|streetAddress|postcode|suburb|suburbAddress|price|searchCategory
504132567|The Remastered Modern Workplace|eliteplus|175|False|/for-lease/property-ground-floor-and-level-1-150-jolimont-road-east-melbourne-vic-3002-504132567|vacant|Brand new end of trip@@@Abundance of off street parking@@@Refurbished office building|JLL - Melbourne Metropolitan @@@Teska Carson Pty Ltd - Richmond|282 - 334 m²|Offices|45|VIC|Ground Floor and Level 1, 150 Jolimont Road|3002|East Melbourne|East Melbourne, VIC 3002|Please contact one of our agents|for-lease
504217688|Bowden's Finest Mixed-Use Office/Hospitality Development |eliteplus|57|False|/for-lease/property-lot-6003-second-street-bowden-sa-5007-504217688|any||City Realty - Adelaide|926 m²|Land/Development@@@Offices@@@Retail||SA|Lot 6003 Second Street|5007|Bowden|Bowden, SA 5007|Contact Agent for Pricing Information|for-lease
504197011|Leasing opportunity in the heart of Murrumbateman|eliteplus|85|False|/for-lease/property-village-shops-6-hercules-street-murrumbateman-nsw-2582-504197011|any|Murrumbateman retail street@@@Completion Q3 2023@@@85sqm shop|Sentia Real Estate - GRIFFITH|85 m²|Retail@@@Offices@@@Medical/Consulting||NSW|Village Shops, 6 Hercules Street|2582|Murrumbateman|Murrumbateman, NSW 2582|$39,950 (ex GST) pa|for-lease
504208696|"ULTRA RARE OPPORTUNITY TO BUY OR LEASE


"|eliteplus|69|False|/for-sale/property-southport-qld-4215-504208696?listingType=rent|vacant|Option to BUY or LEASE@@@Only opportunity to buy in precinct@@@280 Onsite Car Parking Spaces|Niecon - BROADBEACH|80 m²|Medical/Consulting@@@Offices|280|QLD|Address available on request|4215|Southport|Southport, QLD 4215|$38,000 P.A.  $525 - $550 per m² P.A. excluding GST|for-lease
503859886|MEET YOU AT THE BASE|eliteplus|580|False|/for-lease/property-the-base-650-hume-highway-craigieburn-vic-3064-503859886|any|EXPOSURE TO HUME HIGHWAY AND FREEWAY@@@MASSIVELY EXPANDING CATCHMENT@@@POSITION NEXT DOOR TO BUNNINGS|Leedwell Property Victoria - Melbourne|850 - 6000 m²|Retail@@@Showrooms/Bulky Goods@@@Medical/Consulting||VIC|The Base, 650 Hume Highway|3064|Craigieburn|Craigieburn, VIC 3064|Contact Agent|for-lease
503733318|Two Brand New Fitted Tenancies (290m2 & 510m2) with Stunning Views to The Shrine|eliteplus|747|False|/for-lease/property-the-gateway-5-312-st-kilda-rd-melbourne-vic-3004-503733318|any||Cushman & Wakefield - Melbourne@@@Thorburn Commercial Property - Melbourne|290 - 510 m²|Offices||VIC|The Gateway, 5/312 St Kilda Rd|3004|Melbourne|Melbourne, VIC 3004|Contact Agent|for-lease
504229368|Central Location Warehouse / Office in a Boutique Industrial Complex|eliteplus|37|False|/for-lease/property-1-5-13-parsons-street-rozelle-nsw-2039-504229368|any|Dual-entrance, warehouse, and office@@@Roller door access 6.1M@@@3 Off Street Car Spaces|Ray White Commercial - Sydney City Fringe|198 m²|Industrial/Warehouse@@@Showrooms/Bulky Goods@@@Offices|3|NSW|1/5-13 Parsons Street|2039|Rozelle|Rozelle, NSW 2039|For Lease Contact Agent|for-lease
503979558|The NEW Pinnacle in A-Grade Commercial Space|eliteplus|381|False|/for-lease/property-50-first-avenue-maroochydore-qld-4558-503979558|vacant|Large Expansive 1,000m2 + Floor plates@@@Premium A-Grade design & 5 Star NABERS*@@@Superior EOT Facilities & Amenity|Colliers - Sunshine Coast@@@CBRE - Brisbane@@@CBRE - Sunshine Coast|100 - 4000 m²|Offices@@@Retail||QLD|50 First Avenue|4558|Maroochydore|Maroochydore, QLD 4558|Contact Agent|for-lease
504221712|Boutique - Central Fremantle Premises|eliteplus|51|False|/for-lease/property-52-adelaide-street-fremantle-wa-6160-504221712|vacant|Brand New Central Fremantle Development@@@Multiple Uses, STCA|Norfolk Commercial - SUBIACO|54 m²|Retail@@@Offices@@@Medical/Consulting||WA|52 Adelaide Street|6160|Fremantle|Fremantle, WA 6160|Contact Agent|for-lease
504056027|300 Macquarie Street, Liverpool; gateway site at the heart of Liverpool CBD|eliteplus|282|False|/for-lease/property-300-macquarie-street-liverpool-nsw-2170-504056027|vacant|Gateway location adjacent to Civic Place@@@Full fit-out; plug and play opportunity@@@Excellent parking and amenity on site|Resonate Partners - Sydney @@@Elders Commercial - Liverpool|124 - 1500 m²|Offices|72|NSW|300 Macquarie Street|2170|Liverpool|Liverpool, NSW 2170|Contact Agent|for-lease
503866046|ABBOTSFORD Office Suites  68m2 from $578k+ GST|eliteplus|571|False|/for-sale/property-the-office-project-19-thompson-st-abbotsford-vic-3067-503866046|vacant|Walking distance to public transport@@@Upscale to Coworking, Onsite Retail@@@Activated rooftops! Ample parking! Views|Eisen Property@@@Banco Group|68 - 900 m²|Offices|144|VIC|The Office Project, 19 Thompson St|3067|Abbotsford|Abbotsford, VIC 3067|Contact Agent|for-sale
504208696|"ULTRA RARE OPPORTUNITY TO BUY OR LEASE


"|eliteplus|69|False|/for-sale/property-southport-qld-4215-504208696|vacant|Option to BUY or LEASE@@@Only opportunity to buy in precinct@@@280 Onsite Car Parking Spaces|Niecon - BROADBEACH|80 m²|Medical/Consulting@@@Offices|280|QLD|Address available on request|4215|Southport|Southport, QLD 4215|$740,000 excluding GST|for-sale
504199704|Level 10 Office Floor in Adelaide’s Largest Square|eliteplus|82|False|/for-sale/property-level-10-185-victoria-square-adelaide-sa-5000-504199704|tenanted|https://youtu.be/I4yjmxynyrM|Mastracorp Real Estate - Adelaide|490 m²|Offices@@@Retail@@@Other|1|SA|Level 10, 185 Victoria Square|5000|Adelaide|Adelaide, SA 5000|SOLD AT AUCTION|for-sale
504241556|WINDSOR FREEHOLD LEASED TO CHAPEL ST F&B INSTITUTION|eliteplus|2|False|/for-sale/property-135-chapel-street-windsor-vic-3181-504241556|tenanted|ABSOLUTE PRIME TRADING POSITION@@@LEASED TO PATEE THAI TRADING SINCE 1983@@@FIRST TIME OFFERED IN MORE THAN 40 YEARS|Emmetts - Melbourne|312 m²|Retail@@@Hotel/Leisure||VIC|135 CHAPEL STREET|3181|Windsor|Windsor, VIC 3181|Contact Agent|for-sale
504202816|Childcare Investment In Coastal Hotspot|eliteplus|79|False|/for-sale/property-25-forest-parkway-lake-cathie-nsw-2445-504202816|tenanted|Huge residential development precinct@@@Brand New 10 Yr Lease to 2032 + Options@@@Net Income $240,000 pa* + GST|Burgess Rawson - Sydney|1575 m²|Medical/Consulting@@@Offices@@@Retail||NSW|25 Forest Parkway|2445|Lake Cathie|Lake Cathie, NSW 2445|Contact Agent|for-sale
504212988|CANVAS - Only One Warehouse Remaining!|eliteplus|65|False|/for-sale/property-canvas-anglesea-4-15-inverlochy-street-anglesea-vic-3230-504212988|any||Hayden Real Estate - Anglesea@@@Baywest Real Estate -            |91 - 181 m²|Industrial/Warehouse||VIC|Canvas - Anglesea, 4/15 Inverlochy Street|3230|Anglesea|Anglesea, VIC 3230|Priced from $899,990|for-sale
504233852|Incredible redevelopment opportunity in Charlestown|eliteplus|16|False|/for-sale/property-198-208-pacific-highway-charlestown-nsw-2290-504233852|any|Three street frontages@@@Directly opposite Charlestown Square@@@Total site area 1,770sqm|Commercial Collective - NEWCASTLE@@@MOVABLE|1770 m²|Land/Development@@@Offices@@@Retail||NSW|198-208 Pacific Highway|2290|Charlestown|Charlestown, NSW 2290|Contact Agent|for-sale
504233848|Tenanted Investment in Prominent Hyde Park Location|eliteplus|17|False|/for-sale/property-lot-906-248-unley-road-hyde-park-sa-5061-504233848|tenanted|Tenanted Investment Opportunity@@@Brand New Building@@@High Exposure Location|Prorealty - KENT TOWN|274 m²|Retail||SA|Lot 906, 248 Unley Road|5061|Hyde Park|Hyde Park, SA 5061|Contact Agent|for-sale
504081299|Industrial Land - Badgerys Creek - 22,260 sqms / 5.5 acres - Near Airport and Motorway|eliteplus|59|False|/for-sale/property-60-martin-road-badgerys-creek-nsw-2555-504081299|any|"Zoned: ""Enterprise"" (Industrial)@@@Near M12 Motorway & Airport@@@Stage 1 Development Precinct"|Badgerys Creek Property - KEMPS CREEK|2.23 ha (5.5 acres)|Land/Development@@@Industrial/Warehouse@@@Showrooms/Bulky Goods||NSW|60 Martin Road|2555|Badgerys Creek|Badgerys Creek, NSW 2555|Contact Agent|for-sale
504075795|"Industrial / Commercial Land Near Western Sydney Airport - 40,468 sqms / 10 Acres - Zoned ""Enterprise"""|eliteplus|59|False|/for-sale/property-135-mersey-road-bringelly-nsw-2556-504075795|any|"Zoned ""Enterprise"" Industrial/Commercial@@@Land Area: 40,468sqms (10 acres)@@@Near Airport and Arterial Roads - M12"|Badgerys Creek Property - KEMPS CREEK|4.05 ha (10 acres)|Industrial/Warehouse@@@Land/Development@@@Showrooms/Bulky Goods||NSW|135 Mersey Road|2556|Bringelly|Bringelly, NSW 2556|Contact Agent|for-sale
504240752|DOES IT REALLY GET ANY BETTER THAN THIS?|eliteplus|2|True|/for-lease/property-144-bridge-road-richmond-vic-3121-504240752|any||TCI Property Consultants - Richmond|120 m²|Retail|1|VIC|144 Bridge Road|3121|Richmond|Richmond, VIC 3121|Let's talk... $49,000 per annum + outgoings + GST|for-lease
504240748|AFFORDABLE JUST BECAME ‘CHEAP’! |eliteplus|2|True|/for-lease/property-105a-33-inkerman-street-st-kilda-vic-3182-504240748|any||TCI Property Consultants - Richmond|73 m²|Retail@@@Offices||VIC|105A/33 Inkerman Street|3182|St Kilda|St Kilda, VIC 3182|Let's talk... $29,000 per annum + outgoings + GST|for-lease
504221672|PRIME LOCATION|eliteplus|51|False|/for-lease/property-shop-3-27-29-corbould-street-mount-isa-qld-4825-504221672|any||Jays Real Estate - Mount Isa||Other||QLD|Shop 3, 27-29 Corbould Street|4825|Mount Isa|Mount Isa, QLD 4825|Contact Agent|for-lease
504038127|EXCITING 18,000SQM EXPANSION OF THRIVING CENTRE|eliteplus|310|False|/for-lease/property-melton-homemaker-centre-cnr-high-street-melton-highway-melton-vic-3337-504038127|any|Join Harvey Norman, Bunnings + more@@@High volume of customer visitation@@@A retail mecca, totaling 30,000sqm|Leedwell Property Victoria - Melbourne|300 - 3000 m²|Showrooms/Bulky Goods@@@Retail||VIC|Melton Homemaker Centre, Cnr High Street & Melton Highway|3337|Melton|Melton, VIC 3337|Contact Agent|for-lease
504221660|Industrial Premises with Power and Optional Crane|eliteplus|51|False|/for-lease/property-83-inspiration-drive-wangara-wa-6065-504221660|any|2x roller shutters@@@Upgraded power@@@Optional 10t gantry crane|Iconic Commercial Property - WEST LEEDERVILLE|1126 m²|Industrial/Warehouse||WA|83 Inspiration Drive|6065|Wangara|Wangara, WA 6065|$135,120 P.A. excluding GST|for-lease
504226320|Brand New Office/Warehouse With Exposure|eliteplus|42|False|/for-lease/property-599-marshall-road-malaga-wa-6090-504226320|any|2,500 sqm* Warehouse@@@350 sqm* Premium Office & Amenities@@@12m* High Clearance Warehousing|Colliers International - Perth|2000 - 5000 m²|Industrial/Warehouse||WA|599 Marshall Road|6090|Malaga|Malaga, WA 6090|From $125psm net pa|for-lease
504241448|Prime 187sqm Ground Floor Shop/Showroom/Office/Consulting. 10 Car Spaces.|eliteplus|3|False|/for-lease/property-1-386-logan-road-stones-corner-qld-4120-504241448|any|10 Cars On-Site@@@Partial Internal Fit Out@@@Prime Stones Corner Position|LJ Hooker Commercial - Brisbane|187 m²|Retail@@@Medical/Consulting@@@Offices|10|QLD|1/386 Logan Road|4120|Stones Corner|Stones Corner, QLD 4120|Contact Agent|for-lease
504208032|Outstanding Office with Amazing Amenity & Wellness Benefits|eliteplus|73|False|/for-lease/property-link-langley-123-adelaide-terrace-east-perth-wa-6004-504208032|any|Areas from 559sq m to over 3,000sq m@@@Secure Covered Parking @@@Coming Childminding Centre, Gym & IGA|Ventana Property Group@@@Colliers International - Perth|3000 m²|Offices@@@Medical/Consulting@@@Retail||WA|LInk@Langley, 123 Adelaide Terrace|6004|East Perth|East Perth, WA 6004|Contact Agent|for-lease
504200328|Very Unique Opportunity! Freestanding Medical/Health Centre Site! Prominent Corner!|eliteplus|80|False|/for-sale/property-benowa-qld-4217-504200328?listingType=rent|any|Very Close to Pindara Private Hospital@@@Freestanding, self-sufficient Complex@@@High profile corner|RI|307 m²|Medical/Consulting@@@Offices@@@Other||QLD|Address available on request|4217|Benowa|Benowa, QLD 4217|Contact Agent|for-lease
504233832|Charming Gem on Queen Street|eliteplus|17|False|/for-lease/property-level-1-26-queen-street-perth-wa-6000-504233832|any|Central CBD Location@@@Charming Character@@@Plug and Play|Ray White Commercial WA - PERTH|189 m²|Offices||WA|Level 1, 26 Queen Street|6000|Perth|Perth, WA 6000|Contact Agent|for-lease
504229344|Premium Medical Opportunity|eliteplus|38|False|/for-sale/property-5-43-minchinton-street-caloundra-qld-4551-504229344|vacant|Current fit out in place@@@Central Caloundra location@@@Secure carparks|Town - Sunshine Coast|102 m²|Medical/Consulting@@@Offices@@@Retail|2|QLD|5/43 Minchinton Street|4551|Caloundra|Caloundra, QLD 4551|FOR SALE|for-sale
503662842|UNDER CONSTRUCTION – CONTEMPORARY OFFICE WAREHOUSES, HYBRID SPACES & OFFICES|eliteplus|854|False|/for-sale/property-belrose-9-ambrose-avenue-cheltenham-vic-3192-503662842|any|90 per cent sold out off the plan@@@Scheduled for completion Q1 2023@@@Located in Bayside Business District|Knight Frank - Eastern Office@@@Nichols Crowder - MOORABBIN|46 - 187 m²|Industrial/Warehouse@@@Offices@@@Showrooms/Bulky Goods||VIC|Belrose, 9  Ambrose Avenue|3192|Cheltenham|Cheltenham, VIC 3192|Contact Agent|for-sale
504196907|Melbourne Metro Childcare Investment - 15 Year Triple Net Lease|eliteplus|87|False|/for-sale/property-g8-education-epping-6-viewbank-court-epping-vic-3076-504196907|tenanted|Secure 15 Year Net Lease + Options@@@ASX Listed Operator Across 440+ Centres@@@Strong Growth Corridor|Stonebridge Property Group - Melbourne|822 m²|Medical/Consulting@@@Retail@@@Showrooms/Bulky Goods|23|VIC|G8 Education Epping 6 Viewbank Court|3076|Epping|Epping, VIC 3076|Contact Agent|for-sale
504196887|UNDER OFFER|eliteplus|87|False|/for-sale/property-762-766-blackburn-road-30-henderson-road-clayton-vic-3168-504196887|any|Combined 6.44 hectare landholding@@@Secure income from Telstra @@@Monash Technology Precinct|JLL - Melbourne|6.44 ha (15.92 acres)|Land/Development@@@Offices@@@Industrial/Warehouse||VIC|762-766 Blackburn Road & 30 Henderson Road|3168|Clayton|Clayton, VIC 3168|Contact the JLL Melbourne Agents|for-sale
504196883|Metro Brisbane Childcare Investment - Secure 25 Year Net Lease|eliteplus|87|False|/for-sale/property-guppy-s-elc-thornlands-39-osprey-drive-thornlands-qld-4164-504196883|tenanted|Secure 25 Year Net Lease@@@Metro Brisbane Childcare Near School@@@Favourable CPI Rental Increases|Stonebridge Property Group - Brisbane|465 m²|Medical/Consulting@@@Retail@@@Showrooms/Bulky Goods|16|QLD|Guppy's ELC Thornlands 39 Osprey Drive|4164|Thornlands|Thornlands, QLD 4164|Contact Agent|for-sale
504200328|Very Unique Opportunity! Freestanding Medical/Health Centre Site! Prominent Corner!|eliteplus|80|False|/for-sale/property-benowa-qld-4217-504200328|any|Very Close to Pindara Private Hospital@@@Freestanding, self-sufficient Complex@@@High profile corner|RI|307 m²|Medical/Consulting@@@Offices@@@Other||QLD|Address available on request|4217|Benowa|Benowa, QLD 4217|Contact Agent|for-sale
504208028|MEDICAL LEASED INVESTMENT IN PENINSULA SPECIALIST CENTRE KIPPA-RING|eliteplus|73|False|/for-sale/property-10-93-george-street-kippa-ring-qld-4021-504208028|tenanted||Raine & Horne Commercial - Brisbane North|76 m²|Medical/Consulting@@@Offices||QLD|10/93 George Street|4021|Kippa-Ring|Kippa-Ring, QLD 4021|Auction In-Rooms 14 December 2022|for-sale
504196875|PRIME LAND WITH MASSIVE SHED|eliteplus|87|False|/for-sale/property-1890-wanneroo-road-neerabup-wa-6031-504196875|vacant||Ray White Commercial WA - PERTH|4.05 ha (10 acres)|Land/Development@@@Commercial Farming||WA|1890 Wanneroo Road|6031|Neerabup|Neerabup, WA 6031|$1,800,000|for-sale
504152059|FOUND HUNTINGDALE - Industrial Done Differently.|eliteplus|150|False|/for-sale/property-31-franklyn-street-huntingdale-vic-3166-504152059|vacant|Direct Access to Princes Highway@@@Construction to commence Q1 2023@@@Remaining areas  111m2* - 266m2*|Hudson Bond Commercial@@@Ray White Commercial - Oakleigh|111 - 266 m²|Industrial/Warehouse@@@Showrooms/Bulky Goods@@@Offices||VIC|31 Franklyn Street|3166|Huntingdale|Huntingdale, VIC 3166|Contact Agent|for-sale
504195795|Last Remaining Block within Tightly Held M1 Corridor Estate|eliteplus|88|False|/for-sale/property-14-eastridge-street-stapylton-qld-4207-504195795|vacant|6,224sqm* Medium Impact Industry site@@@B Double Access & 24/7 operation@@@Last remaining block|JLL - Brisbane|0.62 ha (1.54 acres)|Land/Development@@@Industrial/Warehouse||QLD|14 Eastridge Street|4207|Stapylton|Stapylton, QLD 4207|Please Contact JLL|for-sale
503764774|Enviable location with enhanced ground plane|eliteplus|707|True|/for-lease/property-80-collins-street-north-tower-80-collins-street-melbourne-vic-3000-503764774|any|Onsite retail offering@@@Upgraded entrance and lobby@@@Column free floors with natural light|Dexus@@@CBRE - Melbourne|50 - 10000 m²|Offices||VIC|80 Collins Street (North Tower), 80 Collins Street|3000|Melbourne|Melbourne, VIC 3000|Contact Agent|for-lease
503637058|Fitted Tenancies Available|eliteplus|657|False|/for-lease/property-267-st-georges-terrace-perth-wa-6000-503637058|vacant|Exceptional accessibility of the CBD@@@Various tenancy sizes available@@@Fitouts can be custom built to suit|Colliers International - Perth@@@Cushman & Wakefield - PERTH|80 - 850 m²|Offices||WA|267 St Georges Terrace|6000|Perth|Perth, WA 6000|Contact Agent|for-lease
501355127|FULLY REFURBISHED LOBBY|eliteplus|3014|True|/for-lease/property-251-st-georges-terrace-perth-wa-6000-501355127|vacant|BRAND NEW END OF TRIP FACILITIES@@@FITTED OUT PREMISES@@@EXCELLENT PARKING & SIGNAGE|Colliers International - Perth@@@Cushman & Wakefield - PERTH|178 - 3822 m²|Offices||WA|251 St Georges Terrace|6000|Perth|Perth, WA 6000|Contact Agent|for-lease
501795822|Unique Heritage Building in Perth's Cultural Heart|eliteplus|2611|True|/for-lease/property-heritage-on-murray-1-forrest-place-perth-wa-6000-501795822|any|Excellent Location & Amenity@@@Beautiful Heritage Building @@@Unique Fitouts Available |Colliers International - Perth@@@Cushman & Wakefield - PERTH|200 - 2718 m²|Offices||WA|Heritage on Murray, 1 Forrest Place|6000|Perth|Perth, WA 6000|Contact Agent|for-lease
500843567|Australia Place, 15-17 William Street|eliteplus|3462|True|/for-lease/property-15-17-william-street-perth-wa-6000-500843567|vacant|Full Floor Fitouts @@@Available immediately@@@Swan River Views|Colliers International - Perth@@@Cushman & Wakefield - PERTH|1229 - 4920 m²|Offices@@@Retail|82|WA|15-17 William Street|6000|Perth|Perth, WA 6000|Contact Agent|for-lease
504022955|Commercial Tower Retail Amenity|buildingprofile|276|False|http://www.realcommercial.com.au/building/sydney-metro-125#504022955|any|Dual Level Dining Restaurants@@@Flagship Retail Opportunities@@@Convenience Retail Shop Precincts|Colliers - Sydney|25 - 500 m²|Retail||NSW|Sydney Metro Martin Place, 39  Martin Place|2000|Sydney|Sydney, NSW 2000|Contact Agent|for-lease
504212944|PRIZED OFFICE-WAREHOUSE COMPLEX|eliteplus|66|False|/for-lease/property-11a-lampton-avenue-derwent-park-tas-7009-504212944|any|PREMIUM LOCATION@@@QUALITY COMPLEX@@@AMPLE PARKING|Raine and Horne Hobart - HOBART|827 m²|Industrial/Warehouse|20|TAS|11A Lampton Avenue|7009|Derwent Park|Derwent Park, TAS 7009|Contact Agent|for-lease
504196871|Prime Retail Opportunity in Busy Centre|eliteplus|87|False|/for-lease/property-armadale-central-shopping-centre-10-orchard-avenue-armadale-wa-6112-504196871|any|Fully Fitted out Restaurant Space@@@Abundance of Onsite Parking@@@Close to Great National Retailers|Silver Leaf Investments - Fremantle|44 m²|Retail|1100|WA|Armadale Central Shopping Centre, 10 Orchard Avenue|6112|Armadale|Armadale, WA 6112|Contact Agent|for-lease
504196867|Prime Retail Opportunity in Busy Centre|eliteplus|87|False|/for-lease/property-armadale-central-shopping-centre-10-orchard-avenue-armadale-wa-6112-504196867|vacant|Fully Fitted out Restaurant Space@@@Abundance of Onsite Parking@@@Close to Great National Retailers|Silver Leaf Investments - Fremantle|60 m²|Retail|1100|WA|Armadale Central Shopping Centre, 10 Orchard Avenue|6112|Armadale|Armadale, WA 6112|Contact Agent|for-lease
504185779|Modern Refurbished Units in Prime Condell Park Location|eliteplus|101|False|/for-lease/property-426-428-marion-street-condell-park-nsw-2200-504185779|any|Warehousing from 138m²* – 408m²*@@@Modern refurbishment commencing soon@@@Units available now|Colliers - Sydney South|224 - 521 m²|Industrial/Warehouse||NSW|426-428 Marion Street|2200|Condell Park|Condell Park, NSW 2200|Please contact agent|for-lease
504217564|GREEN TITLE SITE WITH THREE STREET FRONT UNITS|eliteplus|59|False|/for-sale/property-34-mumford-place-balcatta-wa-6021-504217564|vacant||Raine & Horne Commercial - Western Australia|1271 m²|Industrial/Warehouse@@@Offices||WA|34 Mumford Place|6021|Balcatta|Balcatta, WA 6021|Price: $3,875,000 plus GST (if applicable)|for-sale
504217556|DA Approved Industrial Lots|eliteplus|59|False|/for-sale/property-5-7-industrial-close-tamworth-nsw-2340-504217556|vacant|5 (Lot 12) – 9,997 sqm*@@@7 (Lot 11) – 7,995 sqm*@@@Zoned IN3 Heavy Industrial|Knight Frank - Newcastle|0.8 ha (1.98 acres)|Land/Development@@@Industrial/Warehouse||NSW|5 & 7 Industrial Close|2340|Tamworth|Tamworth, NSW 2340|Contact Agent|for-sale
504202716|PRIZED BEACH FRONT MIDDLE PARK ART DECO BLOCK|eliteplus|80|False|/for-sale/property-193-beaconsfield-parade-middle-park-vic-3206-504202716|tenanted|OFFERING WORLDCLASS BAY & CBD VIEWS@@@7 APARTMENTS WITH DUAL STREET ACCESS@@@OCCUPY, INVEST, VALUE-ADD, DEVELOP(STPA)|Emmetts - Melbourne|601 m²|Land/Development@@@Hotel/Leisure||VIC|193 Beaconsfield Parade|3206|Middle Park|Middle Park, VIC 3206|Contact Agent|for-sale
504151943|FOUND Storage Spaces|eliteplus|150|False|/for-sale/property-found-spaces-17-franklyn-street-huntingdale-vic-3166-504151943|vacant|Perfect for Trades and Businesses@@@Sizes ranging from 29m2 - 71m2@@@Potential rental return of 6%|Ray White Commercial - Oakleigh@@@Hudson Bond Commercial|29 - 71 m²|Industrial/Warehouse||VIC|FOUND SPACES, 17 Franklyn Street|3166|Huntingdale|Huntingdale, VIC 3166|Contact Agent|for-sale
504241488|*MORTGAGEE SALE* - 3.72HA* INFILL MIXED USE DEVELOPMENT SITE IN TARNEIT’S ACTIVITY CENTRE|eliteplus|3|False|/for-sale/property-585-derrimut-road-tarneit-vic-3029-504241488|vacant|3.72HA* Mixed Use Landholding@@@Adjacent To Tarneit Train Station@@@Suited to Major Development Projects|CBRE - Melbourne|3.72 ha (9.19 acres)|Land/Development@@@Other||VIC|585 Derrimut Road|3029|Tarneit|Tarneit, VIC 3029|Contact Agent|for-sale
504241484|A PRESTIGIOUS FLINDERS LANE WHOLE FLOOR OFFICE|eliteplus|3|False|/for-sale/property-level-2-313-flinders-lane-melbourne-vic-3000-504241484|vacant|High Quality Flinders Lane Whole Floor@@@Suited to Office/Education/Consulting@@@Offered with Vacant Possession|CBRE - Melbourne|280 m²|Offices@@@Medical/Consulting@@@Retail||VIC|Level 2, 313 Flinders Lane|3000|Melbourne|Melbourne, VIC 3000|Contact Agent|for-sale
504241480|NEW 10 YEAR LEASE TO GLOBAL FITNESS ENTERPRISE WITH PROVEN INTERNATIONAL SUCCESS|eliteplus|3|False|/for-sale/property-540-city-road-south-melbourne-vic-3205-504241480|tenanted|BRAND NEW 10 YEAR LEASE WITH OPTIONS@@@NET INCOME OF $145,000* PER ANNUM@@@SIGNIFICANT DEPRECIATION BENEFITS|CBRE - Melbourne|302 m²|Retail@@@Showrooms/Bulky Goods@@@Land/Development||VIC|540 City Road|3205|South Melbourne|South Melbourne, VIC 3205|Contact Agent|for-sale
504241476|PERMIT APPROVED BOUTIQUE PROJECT IN HIGH DEMAND RENTAL MARKET|eliteplus|3|False|/for-sale/property-721-725-high-street-preston-vic-3072-504241476|tenanted|Mixed Use Zone Corner Landholding@@@Permit for 31 Apartments + Retail@@@Retail Strip Site Close to Train Station|CBRE - Melbourne|721 m²|Land/Development@@@Retail||VIC|721-725 High Street|3072|Preston|Preston, VIC 3072|Contact Agent|for-sale
504241472|BLUE CHIP PRAHRAN RETAIL INVESTMENT|eliteplus|3|False|/for-sale/property-95-greville-street-prahran-vic-3181-504241472|tenanted|AAA Corner Location@@@5+5 Year Net Lease to 'Mizu'@@@Adjacent to Prahran Train Station|CBRE - Melbourne|65 m²|Retail||VIC|95 Greville Street|3181|Prahran|Prahran, VIC 3181|Contact Agent|for-sale
504241468|CORNER OFFICE FOR OWNER OCCUPATION & INVESTMENT|eliteplus|3|False|/for-sale/property-401-riversdale-road-corner-redfern-road-hawthorn-east-vic-3123-504241468|vacant|10 secure car spaces@@@Close to Camberwell Junction@@@Excellent business signage opportunities|CBRE - Melbourne|387 m²|Offices@@@Retail@@@Showrooms/Bulky Goods|10|VIC|401 Riversdale Road (Corner Redfern Road)|3123|Hawthorn East|Hawthorn East, VIC 3123|Contact Agent|for-sale
504165687|Brand New Large Scale Warehousing Opportunity|eliteplus|129|False|/for-lease/property-38-56-peterkin-street-acacia-ridge-qld-4110-504165687|vacant||JLL - Brisbane|6313 - 15081 m²|Industrial/Warehouse@@@Offices@@@Showrooms/Bulky Goods||QLD|38 - 56 Peterkin Street|4110|Acacia Ridge|Acacia Ridge, QLD 4110|Please Contact JLL|for-lease
504165643|Brand New First Class Industrial Estate with Progress Road Exposure|eliteplus|129|False|/for-lease/property-pinnacle-east-372-402-progress-road-wacol-qld-4076-504165643|vacant||JLL - Brisbane|2811 - 13797 m²|Industrial/Warehouse@@@Offices@@@Showrooms/Bulky Goods||QLD|Pinnacle East, 372 - 402 Progress Road|4076|Wacol|Wacol, QLD 4076|Please Contact JLL|for-lease
503994343|Premium Office - Truly One of a Kind|eliteplus|363|False|/for-lease/property-studio-1-level-4-103-105-lonsdale-street-melbourne-vic-3000-503994343|any|Outstanding east end location@@@Fantastic views and natural light@@@Quality building with loads of character|Alexander Robertson - Melbourne|44 m²|Offices||VIC|Studio 1, level 4, 103-105 Lonsdale Street|3000|Melbourne|Melbourne, VIC 3000|Contact Agent|for-lease
501592873|LARGE FLOOR PLATE IN THE WEST END|eliteplus|437|False|/for-lease/property-cloisters-863-hay-street-perth-wa-6000-501592873|vacant|110 staff on one floor@@@Excellent natural light and outlooks@@@Outstanding onsite tenant amenity|CBRE - Perth  @@@JLL - Perth|900 - 1200 m²|Offices||WA|Cloisters, 863 Hay Street|6000|Perth|Perth, WA 6000|Asking $575/sqm plus generous incentives|for-lease
503073846|Modern Fitted & Furnished Tenancies – Various Sizes|eliteplus|1470|False|/for-lease/property-5-mill-street-perth-wa-6000-503073846|any|High Quality Fitted & Furnished Suites@@@Flexible Lease Terms Available@@@End of Trip Facilities|CBRE - Perth  @@@GDI@@@Cygnet West|112 - 737 m²|Offices||WA|5 Mill Street|6000|Perth|Perth, WA 6000|Contact Agent|for-lease
501792658|Fitted Out Office |eliteplus|1566|False|/for-lease/property-1-adelaide-terrace-east-perth-wa-6004-501792658|any|Uninterrupted views of the Swan River@@@Newly refurbished@@@End of trip facilities|Knight Frank - Perth@@@GDI@@@Cygnet West|695 - 7453 m²|Offices||WA|1 Adelaide Terrace|6004|East Perth|East Perth, WA 6004|From $375/sqm|for-lease
504026487|METICULOUSLY RENOVATED 2,150M² FREEHOLD WAREHOUSE, SHOWROOM AND OFFICE|eliteplus|326|False|/for-lease/property-211-john-street-lidcombe-lidcombe-nsw-2141-504026487|vacant|Suitable for automotive/retail/trade@@@Meticulously renovated 2,677m² of space@@@Corner location with dual street access|CBRE - South Sydney|2150 m²|Industrial/Warehouse@@@Offices@@@Showrooms/Bulky Goods||NSW|211 John Street Lidcombe|2141|Lidcombe|Lidcombe, NSW 2141|Contact Agent|for-lease
504225548|Nestled down into the best spot in Montville!|eliteplus|45|False|/for-lease/property-9-130-main-street-montville-qld-4560-504225548|any||Ray White - Maleny|43 m²|Offices@@@Medical/Consulting@@@Retail|1|QLD|9/130 Main Street|4560|Montville|Montville, QLD 4560|Contact Agent|for-lease
504196859|INCREDIBLE FOOD & BEVERAGE OPPORTUNITY - IN THE HEART OF NORTH ADELAIDE'S PREMIER FOOD PRECINCT!|eliteplus|87|False|/for-lease/property-shop-7-141-o-connell-street-north-adelaide-sa-5006-504196859|any||THE Commercial Agency - ADELAIDE|79 - 125 m²|Retail@@@Offices@@@Hotel/Leisure||SA|Shop 7, 141 O'Connell Street|5006|North Adelaide|North Adelaide, SA 5006|OFFERS WELCOME|for-lease
503077014|Cost Effective Office Space|eliteplus|1467|False|/for-lease/property-53-walker-street-north-sydney-nsw-2060-503077014|any|Newly refurbished space coming soon@@@Blend of fit-outs and open plan@@@Compelling opportunity, flexible terms|Colliers - Sydney North|122 - 275 m²|Offices||NSW|53 Walker Street|2060|North Sydney|North Sydney, NSW 2060|From $500 gross psqm p.a.|for-lease
504196835|TROPHY CORNER RETAIL INVESTMENT IN MELBOURNE’S PARIS END|eliteplus|87|False|/for-sale/property-136-little-collins-street-melbourne-vic-3000-504196835|any|4 + 4 + 4 + 4 YEAR NET LEASE@@@NET INCOME: $186,994.71 PA (AT 14.02.23)@@@EXCELLENT FRONTAGE & NATURAL LIGHT|Colliers - Melbourne@@@Gross Waddell ICR Pty Ltd - Melbourne|185 m²|Retail||VIC|136 Little Collins Street|3000|Melbourne|Melbourne, VIC 3000|Please contact agent|for-sale
504212576|Rare CBD Development Site|eliteplus|66|False|/for-sale/property-184-byng-street-orange-nsw-2800-504212576|any|Rare Triple Fronted Development Site@@@Enormous Scope / Flexible B6 Zoning@@@6,095 sqm* Site Area|Blowes Real Estate - Orange@@@Next Commercial - Sydney|0.61 ha (1.51 acres)|Land/Development@@@Retail@@@Showrooms/Bulky Goods||NSW|184 Byng Street|2800|Orange|Orange, NSW 2800|Contact Agent|for-sale
504237752|Heavy Duty Compact Factory Unit|eliteplus|10|False|/for-sale/property-1-14-zeta-crescent-o-connor-wa-6163-504237752|vacant||Ray White Commercial WA - PERTH|261 m²|Industrial/Warehouse||WA|1/14 Zeta Crescent|6163|O'Connor|O'Connor, WA 6163|Offers from $500,000|for-sale
504196819|MORTGAGEE SALE|eliteplus|87|False|/for-sale/property-273-275-para-road-greensborough-vic-3088-504196819|vacant|1,618SQM* Activity Centre Zone Land@@@EXISTING PLANNING PERMIT@@@TRAIN STATION & AMENITY|CBRE - Melbourne|1618 m²|Land/Development@@@Other||VIC|273-275 Para Road|3088|Greensborough|Greensborough, VIC 3088|Contact Agent|for-sale
504202700|An Opportunity for a Lifestyle Change|eliteplus|80|False|/for-sale/property-3175-nerang-murwillumbah-road-natural-bridge-qld-4211-504202700|vacant||Kollosche - Broadbeach |15200 m²|Hotel/Leisure||QLD|3175 Nerang Murwillumbah Road|4211|Natural Bridge|Natural Bridge, QLD 4211|Contact Agent|for-sale
504202692|7,831SQM* RESIDENTIAL INFILL LANDHOLDING WITH PLANNING PERMIT|eliteplus|80|False|/for-sale/property-173-191-clarke-road-springvale-south-vic-3172-504202692|vacant|Sweeping 110m* Frontage@@@Permit For Multi-Level Development@@@Townhouse, Child Care or Aged Care Site|CBRE - Melbourne|0.78 ha (1.94 acres)|Land/Development@@@Other||VIC|173-191 Clarke Road|3172|Springvale South|Springvale South, VIC 3172|Contact Agent|for-sale
504202688|4,434SQM* COMMERCIAL 1 ZONE LAND NEXT TO MAJOR SHOPPING CENTRE|eliteplus|80|False|/for-sale/property-800-plenty-road-reservoir-vic-3073-504202688|vacant|Permit For Multi-Level Development@@@160m* Frontage & Direct Public Transport@@@Major BTR / BTS Development Site|CBRE - Melbourne|0.44 ha (1.1 acres)|Land/Development@@@Industrial/Warehouse||VIC|800 Plenty Road|3073|Reservoir|Reservoir, VIC 3073|Contact Agent|for-sale
504202684|6,024SQM* RESIDENTIAL INFILL LANDHOLDING WITH PLANNING PERMIT|eliteplus|80|False|/for-sale/property-34-wellington-road-lysterfield-vic-3156-504202684|vacant|Sweeping 100m* Frontage@@@Planning Permit For Aged Care Facility@@@Townhouse, Child Care or Aged Care Site|CBRE - Melbourne|0.6 ha (1.49 acres)|Land/Development@@@Other||VIC|34 Wellington Road|3156|Lysterfield|Lysterfield, VIC 3156|Contact Agent|for-sale
504196803|Highly Desirable Leased Apartment Hotel Investment Opportunity|eliteplus|87|False|/for-sale/property-quest-north-sydney-223-miller-street-north-sydney-nsw-2060-504196803|tenanted|100 Keys in Prime CBD Market@@@Remaining: 13 years + 4 x 5 year options@@@Base Rent: $2,673,592|Savills - Sydney CBD@@@Savills - Brisbane|4511 m²|Hotel/Leisure@@@Retail@@@Offices||NSW|Quest North Sydney, 223 Miller Street|2060|North Sydney|North Sydney, NSW 2060|Contact Agent|for-sale
504196791|MODERN RICHMOND OFFICE WAREHOUSE/RETAIL SHOWROOM|eliteplus|87|False|/for-sale/property-32-bendigo-street-richmond-vic-3121-504196791|vacant|First time offered for public sale@@@Suited to office/retail owner occupiers@@@Option to purchase two (2) car parks|CBRE - Melbourne|238 m²|Offices@@@Retail@@@Medical/Consulting||VIC|32 Bendigo Street|3121|Richmond|Richmond, VIC 3121|Contact Agent|for-sale
504170867|GROUND FLOOR OFFICE CLOSE TO MORLEY GALLERIA|eliteplus|122|False|/for-lease/property-unit-2-11-collier-road-morley-wa-6062-504170867|vacant||Knight Frank - Perth|138 m²|Offices@@@Retail||WA|Unit 2, 11 Collier Road|6062|Morley|Morley, WA 6062|contact agent|for-lease
503135406|Relax by the Park at 50 Margaret Street |eliteplus|1414|False|/for-lease/property-50-margaret-street-sydney-nsw-2000-503135406|any|Choice of brand new fitted suites@@@Refurbished bathrooms & lift lobbies@@@End of trip facilities and parking|Ray White Commercial (Office Leasing) - SYDNEY|120 - 750 m²|Offices||NSW|50 Margaret Street|2000|Sydney|Sydney, NSW 2000|Please call for pricing|for-lease
5850861|MODERN, ENERGY EFFICIENT BUILDING|eliteplus|4162|False|/for-lease/property-999-hay-street-perth-wa-6000-5850861|vacant|New spec fitout of 470sqm* available@@@Outgoings just $105/sqm@@@Last remaining floor|CBRE - Perth  @@@Knight Frank - Perth|400 - 1459 m²|Offices||WA|999 Hay Street|6000|Perth|Perth, WA 6000|$495/sqm per annum|for-lease
504042303|BELROSE BUSINESS CENTRE|eliteplus|304|False|/for-lease/property-belrose-nsw-2085-504042303|any|Flexible leases with a range of sizes@@@Warm timbers and neutral colours@@@Indoor/Outdoor breakout space|Balmoral Partners - North Sydney|63 m²|Offices||NSW|Address available on request|2085|Belrose|Belrose, NSW 2085|Contact Agent|for-lease
503810426|Professional Suite Available in The Block Arcade|eliteplus|243|False|/for-lease/property-the-block-arcade-professional-suite-282-284-collins-street-melbourne-vic-3000-503810426|any|PRIVATE & PROFESSIONAL SUITES@@@ELEGANT PERIOD STYLE ACCOMMODATION@@@ABOVE MELBOURNES STUNNING BLOCK ARCADE|The Block Arcade - MELBOURNE@@@Gorman Allard Shelton|20 m²|Offices||VIC|The Block Arcade, Professional Suite, 282-284 Collins Street|3000|Melbourne|Melbourne, VIC 3000|Contact Agent|for-lease
502807362|Perth Airport Park - Flexible Office & Warehouse Configurations|eliteplus|1727|False|/for-lease/property-perth-airport-park-20-tarlton-crescent-perth-airport-wa-6105-502807362|any|Flexible Stand Alone Office Solutions@@@Office/High Truss Warehouse@@@Ample Car Parking|Lever Property - SUBIACO|50 - 2000 m²|Industrial/Warehouse@@@Offices@@@Medical/Consulting|225|WA|Perth Airport Park, 20 Tarlton Crescent|6105|Perth Airport|Perth Airport, WA 6105|Contact Agent|for-lease
502358606|MODERN, FULLY FITTED SPACE|eliteplus|2125|False|/for-lease/property-equus-building-lot-166-580-hay-street-perth-wa-6000-502358606|any|Fully Fitted and Furnished@@@Gym, pool/spa for tenant use@@@Close to Amenities|Cygnet West|224 m²|Offices||WA|Equus Building Lot 166, 580 Hay Street|6000|Perth|Perth, WA 6000|$275 p/sqm|for-lease
504157795|Kings Row Office Park - Brand New Fitted Suites In The Heart of Milton|eliteplus|140|False|/for-lease/property-kings-row-office-park-40-52-mcdougall-street-milton-qld-4064-504157795|vacant|Affordable Rents and Fitted Suites@@@Onsite carparking and Visitors bays@@@Contemporary EOT facilities|Colliers - Brisbane@@@JLL - Brisbane|120 - 3000 m²|Offices||QLD|Kings Row Office Park, 40 - 52 McDougall Street|4064|Milton|Milton, QLD 4064|Contact Agent|for-lease
501683841|Level 1, Refurbished, Partitioned Options|eliteplus|2710|False|/for-lease/property-canning-bridge-commercial-centre-890-canning-highway-applecross-wa-6153-501683841|any|Partitioned, Furnished, Turn Key Options@@@Close to Public Transport@@@Excellent Commercial Terms Available|Norfolk Commercial - SUBIACO@@@Colliers International - Perth|49 - 154 m²|Offices||WA|Canning Bridge Commercial Centre, 890 Canning Highway|6153|Applecross|Applecross, WA 6153|From $295 psqmpa plus GST|for-lease
503858022|Quality First Floor Office.|eliteplus|584|False|/for-lease/property-level-1-131-135-johnston-street-fitzroy-vic-3065-503858022|any|Outstanding Fitzroy location.@@@Fully fitted first floor office.@@@Onsite parking and bike racks.|Alexander Robertson - Melbourne|300 m²|Offices|5|VIC|Level 1, 131-135 Johnston Street|3065|Fitzroy|Fitzroy, VIC 3065|Contact Agent|for-lease
504080903|Commercial & industrial units available from $195,000 plus GST|eliteplus|248|False|/for-sale/property-belmont-business-park-24-bluebell-street-belmont-nsw-2280-504080903|vacant|Building areas from 35 sqm* to 104 sqm*@@@Zoned B7 Business Park@@@Internal height up to 6 m*|Commercial Collective - NEWCASTLE@@@Knight Frank - Newcastle|35 - 104 m²|Retail@@@Industrial/Warehouse@@@Showrooms/Bulky Goods||NSW|Belmont Business Park, 24 Bluebell Street|2280|Belmont|Belmont, NSW 2280|Contact Agent|for-sale
504196739|RETAIL / SHOWROOM|eliteplus|87|False|/for-sale/property-456-goodwood-road-cumberland-park-sa-5041-504196739|vacant||Commercial S.A Property Group - ADELAIDE (RLA 165131)|290 m²|Retail@@@Showrooms/Bulky Goods@@@Offices||SA|456 Goodwood Road|5041|Cumberland Park|Cumberland Park, SA 5041|In excess of $1.15 million + GST|for-sale
504196735|HIGH EXPOSURE BUSINESS DEVELOPMENT SITE|eliteplus|87|False|/for-sale/property-100-pacific-highway-waitara-nsw-2077-504196735|tenanted|PROMINENT CORNER POSITION@@@EXCELLENT EGRESS FROM ALL DIRECTIONS@@@11.5M MAXIMUM HEIGHT LIMIT|Colliers - Sydney North@@@Colliers - Sydney|3724 m²|Retail||NSW|100 Pacific Highway|2077|Waitara|Waitara, NSW 2077|Please contact agent|for-sale
504196719|PRIME FREEHOLD RETAIL/ COMMERCIAL BUILDING WITH ENORMOUS POTENTIAL |eliteplus|87|False|/for-sale/property-314-316-marrickville-road-marrickville-nsw-2204-504196719|vacant||Raine & Horne Commercial - Inner West/South Sydney|875 m²|Retail@@@Offices@@@Land/Development|13|NSW|314-316 Marrickville Road|2204|Marrickville|Marrickville, NSW 2204|FOR SALE|for-sale
504166743|A BOROONDARA TROPHY OF UNPRECEDENTED PROPORTIONS & TRUE VICTORIAN ICON -  OCCUPY, REPOSITION OR VALUE-ADD|eliteplus|125|False|/for-sale/property-41-yarrbat-avenue-the-connault-balwyn-vic-3103-504166743|vacant|Highly valuable existing improvements@@@Distinguished reputation since 1998@@@Land area of 5,027sqm*|CBRE - Melbourne|2469 m²|Medical/Consulting@@@Other||VIC|41 Yarrbat Avenue (The Connault)|3103|Balwyn|Balwyn, VIC 3103|Contact Agent|for-sale
504196707|INVEST OR OCCUPY|eliteplus|87|False|/for-sale/property-lot-1-31-rudman-parade-burleigh-heads-qld-4220-504196707|tenanted|Clear span warehouse@@@7m internal clearance@@@21 allocated car spaces|Cushman & Wakefield - Gold Coast|886 m²|Industrial/Warehouse@@@Other|21|QLD|Lot 1, 31 Rudman Parade|4220|Burleigh Heads|Burleigh Heads, QLD 4220|Contact Exclusive Agent|for-sale
504241392|Industrial Warehouse With Additional Office With Short Term Leases|eliteplus|3|False|/for-sale/property-8-10-burnside-road-ormeau-qld-4208-504241392|tenanted||Ray White Commercial - Gold Coast|370 m²|Industrial/Warehouse@@@Offices||QLD|8/10 Burnside Road|4208|Ormeau|Ormeau, QLD 4208|Auction|for-sale
504241388|Calling all Investors or Owner Occupiers|eliteplus|3|False|/for-sale/property-50-4-7-villiers-place-cromer-nsw-2099-504241388|vacant||Upstate - Northern Beaches|242 m²|Industrial/Warehouse|3|NSW|50/4-7 Villiers Place|2099|Cromer|Cromer, NSW 2099|Auction|for-sale
504207848|UNDER CONTRACT 482m²* Freehold Industrial Warehouse Situated on 559m²* of Land|eliteplus|73|False|/for-sale/property-24-production-avenue-kogarah-nsw-2217-504207848|tenanted||Commercial Property Group - Southern Sydney|482 m²|Industrial/Warehouse|4|NSW|24 Production Avenue|2217|Kogarah|Kogarah, NSW 2217|Contact Agent|for-sale
504196687|"Multi-Tenanted Investment to National Retailers
100% Leased Freestanding Investment 
"|eliteplus|87|False|/for-sale/property-6-charnwood-place-charnwood-act-2615-504196687|tenanted|Nationally Branded Tenants @@@Free Standing Investment @@@24 Onsite Car Parks|Burgess Rawson Canberra Commercial - Dickson|1080 m²|Retail@@@Offices@@@Medical/Consulting|24|ACT|6 Charnwood Place|2615|Charnwood|Charnwood, ACT 2615|Expressions Of Interest Closing 8th December 2022|for-sale
503974890|Melbourne’s Market Leading Office Building|eliteplus|412|False|/for-lease/property-510-church-street-cremorne-vic-3121-503974890|vacant||Colliers - Melbourne East@@@JLL - Melbourne Metropolitan |565 - 5000 m²|Offices||VIC|510 Church Street|3121|Cremorne|Cremorne, VIC 3121|Please contact agents for more information|for-lease
503126942|293 QUEEN STREET - BRISBANE BEST LOCATED HERITAGE OFFERING!|eliteplus|1424|False|/for-lease/property-293-queen-street-brisbane-city-qld-4000-503126942|vacant|Anchored by UQ Brisbane City@@@Contiguous space up to 1,354sqm@@@Modern boutique tenancies from 203sqm|Patona Property - BRISBANE CITY@@@CBRE - Brisbane|203 - 1948 m²|Offices|19|QLD|293 Queen Street|4000|Brisbane City|Brisbane City, QLD 4000|Contact Agents|for-lease
504217504|BUTLER COMMERCIAL CENTRE|eliteplus|59|False|/for-lease/property-butler-commercial-centre-180-200-butler-boulevard-butler-wa-6036-504217504|any|Direct freeway access@@@In good company@@@Located in a growing catchment|Colliers International - Perth|2000 m²|Retail||WA|BUTLER COMMERCIAL CENTRE 180–200 Butler Boulevard|6036|Butler|Butler, WA 6036|Please contact agent|for-lease
504136627|PRIME CROSS DOCK FACILITY WITH RACKING|eliteplus|171|False|/for-lease/property-3-32-58-william-angliss-drive-laverton-north-vic-3026-504136627|vacant|Fully racked: 20,850* pallet locations@@@Cross dock facility@@@B-Double access|CBRE - Melbourne@@@Colliers - Melbourne@@@Colliers - Essendon Fields|24662 m²|Industrial/Warehouse@@@Offices|100|VIC|3/32-58 William Angliss Drive|3026|Laverton North|Laverton North, VIC 3026|Contact Agent|for-lease
503250242|NEW A-GRADE FIT OUT - 14 STAFF - READY NOW|eliteplus|1291|True|/for-lease/property-level-7-201-charlotte-street-brisbane-city-qld-4000-503250242|any|Concierge Service @@@Gym/Daycare/Cafe@@@End of Trip Facilities|Caden Office Leasing - Brisbane City|138 m²|Offices||QLD|Level 7, 201 Charlotte Street|4000|Brisbane City|Brisbane City, QLD 4000|$85k - $90k p/a plus GST|for-lease
503250286|Welcome to the Sub-Penthouse - Level 14, 201 Charlotte Street|eliteplus|1302|False|/for-lease/property-level-14-201-charlotte-street-brisbane-city-qld-4000-503250286|any|Concierge Service @@@Gym/Daycare/Cafe@@@End of Trip Facilities|Caden Office Leasing - Brisbane City|876 m²|Offices||QLD|Level 14, 201 Charlotte Street|4000|Brisbane City|Brisbane City, QLD 4000|$750/sqm|for-lease
504117823|Outstanding Retail Leasing Opportunity|eliteplus|195|False|/for-lease/property-ground-floor-235-exhibition-street-melbourne-vic-3000-504117823|any||Alexander Robertson - Melbourne|92 m²|Retail||VIC|Ground floor, 235 Exhibition Street|3000|Melbourne|Melbourne, VIC 3000|Contact Agent|for-lease
503249550|206M2 - QUALITY EXISTING FIT OUT - 15+ PEOPLE|eliteplus|1306|False|/for-lease/property-level-2-201-charlotte-street-brisbane-city-qld-4000-503249550|any|Concierge Service@@@Gym/Daycare/Cafe@@@End of Trip Facilities|Caden Office Leasing - Brisbane City|206 m²|Offices||QLD|Level 2, 201 Charlotte Street|4000|Brisbane City|Brisbane City, QLD 4000|$86K - $89K P/A plus GST|for-lease
504202704|FACTORY READY TO GO|eliteplus|80|False|/for-lease/property-73-inspiration-drive-wangara-wa-6065-504202704|any||Raine & Horne Commercial - Western Australia|1540 m²|Industrial/Warehouse@@@Offices||WA|73 Inspiration Drive|6065|Wangara|Wangara, WA 6065|For Lease: $175,000p.a. + Outgoings + GST|for-lease
504165339|13,763sqm* Facility with Expansive Hardstand and Unbeatable Street Presence|eliteplus|129|False|/for-lease/property-616-boundary-road-richlands-qld-4077-504165339|vacant||JLL - Brisbane@@@CG Property Group|13763 m²|Industrial/Warehouse@@@Offices@@@Showrooms/Bulky Goods||QLD|616 Boundary Road|4077|Richlands|Richlands, QLD 4077|Contact Agent|for-lease
504202592|TWO GEMS IN RENOWNED BUSINESS PRECINCT  PART OF 2-PROPERTY INVESTMENT PORTFOLIO*|eliteplus|80|False|/for-sale/property-3-30-ralph-black-drive-north-wollongong-nsw-2500-504202592|tenanted||MMJ  Commercial - Wollongong|304 m²|Industrial/Warehouse@@@Showrooms/Bulky Goods|3|NSW|3/30 Ralph Black Drive|2500|North Wollongong|North Wollongong, NSW 2500|For Sale $1,195,000|for-sale
504202588|TWO GEMS IN RENOWNED BUSINESS PRECINCT  PART OF 2-PROPERTY INVESTMENT PORTFOLIO* |eliteplus|80|False|/for-sale/property-2-30-ralph-black-drive-north-wollongong-nsw-2500-504202588|tenanted||MMJ  Commercial - Wollongong|319 m²|Industrial/Warehouse@@@Showrooms/Bulky Goods|3|NSW|2/30 Ralph Black Drive|2500|North Wollongong|North Wollongong, NSW 2500|For Sale $1,195,000|for-sale
504217416|Noosaville Warehouse and Residence|eliteplus|59|False|/for-sale/property-noosaville-smart-hub-13-64-gateway-drive-noosaville-qld-4566-504217416|vacant||Forde Property Commercial - NOOSA HEADS|160 m²|Industrial/Warehouse@@@Showrooms/Bulky Goods|2|QLD|NOOSAVILLE SMART HUB, 13/64 Gateway Drive|4566|Noosaville|Noosaville, QLD 4566|UNDER CONTRACT|for-sale
504212800|Lucrative Commercial Investment Opportunity in Frewville|eliteplus|66|False|/for-sale/property-205-glen-osmond-road-frewville-sa-5063-504212800|any||Martin Real Estate - SA@@@LJ Hooker Commercial - Adelaide|412 m²|Retail||SA|205 Glen Osmond Road|5063|Frewville|Frewville, SA 5063|Contact Agent|for-sale
504202568|Prahran Development Opportunity|eliteplus|80|False|/for-sale/property-36-38-clifton-street-prahran-vic-3181-504202568|vacant||Morley Commercial - RICHMOND|258 m²|Land/Development@@@Offices||VIC|36-38 Clifton Street|3181|Prahran|Prahran, VIC 3181|Contact Agent|for-sale
504207820|"Rare ""Emerging Community"" Zoning - Highly Exposed Development Site"|eliteplus|73|False|/for-sale/property-23-27-tillyroen-road-ormeau-qld-4208-504207820|vacant|RARE ZONING - ENDLESS OPPORTUNITIES@@@3,162m2 Site@@@Highly Exposed Location|Harcourts Coastal Commercial - BROADBEACH|3162 m²|Land/Development||QLD|23-27 Tillyroen Road|4208|Ormeau|Ormeau, QLD 4208|EOI Closing 15th December|for-sale
504202564|MODERN OFFICE/STUDIO WITH SECURE PARKING|eliteplus|80|False|/for-sale/property-8-ferguson-street-abbotsford-vic-3067-504202564|any||Belle Property Commercial - South Melbourne|85 m²|Offices|2|VIC|8 Ferguson Street|3067|Abbotsford|Abbotsford, VIC 3067|Contact Agent|for-sale
504027387|Orchard Quarter - Unrivalled Opportunity within State of the Art Mixed Industrial Commercial Use Precinct with Food Innovation Hub|eliteplus|325|False|/for-sale/property-27-sunny-bank-road-lisarow-nsw-2250-504027387|vacant|14,454 m2 approx. of lettable area@@@Childcare, Vet, Cafe, Gym, Restaurant@@@Large & Small warehousing|LJ Hooker Commercial Terrigal - TERRIGAL|60 - 2285 m²|Industrial/Warehouse@@@Retail||NSW|27 Sunny Bank Road|2250|Lisarow|Lisarow, NSW 2250|For Sale/Lease|for-sale
504207436|OFFERS INVITED - APARTMENT SITE ON EDGE OF ICONIC SUBIACO OVAL|eliteplus|73|False|/for-sale/property-the-oval-precinct-at-subi-east-lot-1-subiaco-road-subiaco-wa-6008-504207436|any|Prime apartment development site@@@2km from Perth CBD@@@Offers Invited|DevelopmentWA - Perth@@@JLL - Perth|3655 m²|Land/Development||WA|The Oval Precinct at Subi East, Lot 1 Subiaco Road|6008|Subiaco|Subiaco, WA 6008|Contact Agent|for-sale
504185967|Architecturally Designed Units|eliteplus|101|False|/for-sale/property-lot-21-22-cobbans-close-beresfield-nsw-2322-504185967|vacant|Units from 93 sqm* to 267 sqm*@@@Concrete panel construction@@@Only 8 in the complex|Knight Frank - Newcastle|93 - 267 m²|Industrial/Warehouse|16|NSW|Lot 21 & 22 Cobbans Close|2322|Beresfield|Beresfield, NSW 2322|Contact Agent|for-sale
503816478|Prime CBD location with city views and excellent natural light|eliteplus|269|False|/for-lease/property-25-bligh-street-sydney-nsw-2000-503816478|any|Prime CBD location@@@A-grade facilities@@@102 to 612 sqm currently available|Kingsmede - SYDNEY|10 - 612 m²|Offices|21|NSW|25 Bligh Street|2000|Sydney|Sydney, NSW 2000|Contact Agent|for-lease
504207844|Medical or Office Offering|eliteplus|73|False|/for-lease/property-183-archer-street-north-adelaide-sa-5006-504207844|any|460sqm of adaptable space@@@Excellent existing fitout@@@18 onsite car parks plus storage|Colliers - ADELAIDE|461 m²|Offices||SA|183 Archer Street|5006|North Adelaide|North Adelaide, SA 5006|Please contact agent|for-lease
503731690|Recently Fit out office - Neighboring National Tenant|eliteplus|80|False|/for-lease/property-westgate-mall-fremantle-29-cantonment-street-fremantle-wa-6160-503731690|any|Opposite Woolstores Shopping Centre@@@On Street Parking|Silver Leaf Investments - Fremantle|87 m²|Medical/Consulting@@@Retail@@@Offices||WA|Westgate Mall Fremantle, 29 Cantonment Street|6160|Fremantle|Fremantle, WA 6160|Newly Fit out Office - Endless Opportunity|for-lease
504142027|PRIME PARK ROAD OFFICE|eliteplus|164|False|/for-lease/property-65-park-road-milton-qld-4064-504142027|vacant|High profile office building@@@550sqm fully fitted out office@@@11 onsite car parks|CBRE - Brisbane|579 m²|Offices||QLD|65 Park Road|4064|Milton|Milton, QLD 4064|Contact Exclusive Agents|for-lease
504241440|WITH ITS COASTAL VIEWS AND MIX OF RELAXED DINING, RETAIL AND WELLNESS, MARINA PIER IS WHERE SOUTH AUSTRALIA INDULGES.|eliteplus|3|False|/for-lease/property-marina-pier-12-holdfast-promenade-glenelg-sa-5045-504241440|any||Makris Group|18 - 279 m²|Retail||SA|Marina Pier, 12 Holdfast Promenade|5045|Glenelg|Glenelg, SA 5045|Contact Agent|for-lease
504196799|Modern, boutique tenancy of 149sqm|eliteplus|87|False|/for-lease/property-270-unley-road-hyde-park-sa-5061-504196799|vacant||Cushman & Wakefield (RLA 315726) - Adelaide|149 m²|Offices@@@Medical/Consulting@@@Retail|4|SA|270 Unley Road|5061|Hyde Park|Hyde Park, SA 5061|Contact Agents for further information.|for-lease
501970006|Newly Renovated, Professional Offices with On-Site Parking!|eliteplus|2446|False|/for-lease/property-82-fullarton-road-norwood-sa-5067-501970006|any||LJ Hooker Commercial - Adelaide|427 m²|Offices|10|SA|82 Fullarton Road|5067|Norwood|Norwood, SA 5067|Contact Agent|for-lease
504161515|Last chance to join the gateway to Wollongong CBD|eliteplus|136|False|/for-lease/property-s1-67-73-flinders-street-wollongong-nsw-2500-504161515|any||Colliers - Wollongong|343 m²|Retail@@@Offices@@@Medical/Consulting|7|NSW|S1, 67-73 Flinders Street|2500|Wollongong|Wollongong, NSW 2500|Price Upon Application|for-lease
504237724|Street Front + Corner Position  Showroom With Great Exposure|eliteplus|10|False|/for-lease/property-1-6-gladstone-road-castle-hill-nsw-2154-504237724|any||Taylor Nicholas - Hills|535 m²|Showrooms/Bulky Goods@@@Industrial/Warehouse|10|NSW|1/6 Gladstone Road|2154|Castle Hill|Castle Hill, NSW 2154|$120,375 per annum net  + outgoings + GST|for-lease
504131275|"Exciting Leasing Opportunities at ""The Sheds at Brendale"" Precinct"|eliteplus|178|False|/for-lease/property-2-264-south-pine-road-brendale-qld-4500-504131275|any|Exciting Retail Site@@@Excellent Exposure|Raine & Horne Commercial - Brisbane North|120 - 494 m²|Retail@@@Industrial/Warehouse@@@Offices|50|QLD|2/264 South Pine Road|4500|Brendale|Brendale, QLD 4500|Price on Application|for-lease
504237640|AUCTION  800m² Prime Industrial Land  Pendle Hill|eliteplus|10|False|/for-sale/property-20-hallmark-street-pendle-hill-nsw-2145-504237640|vacant|800m² - Occupy Or Develop!@@@Excellent Level Concreted Site@@@Last Few Remaining Vacant Land Parcels|Niemeyer Commercial Industrial Property|800 m²|Land/Development@@@Industrial/Warehouse||NSW|20 Hallmark Street|2145|Pendle Hill|Pendle Hill, NSW 2145|AUCTION|for-sale
504233640|FREESTANDING OFFICE / TECHNOLOGY BUILDING!|eliteplus|17|False|/for-sale/property-1a-brodie-hall-drive-bentley-wa-6102-504233640|vacant|FREESTANDING BUILDING!@@@ARCHITECTURALLY STUNNING!@@@ENTRY STATEMENT TO BENTLEY TECH PARK!|Altegra Property Group - Perth|1766 m²|Offices||WA|1A Brodie-Hall  Drive|6102|Bentley|Bentley, WA 6102|4950000|for-sale
504207800|Sonic Healthcare Anchored Investment - Circa 7.5% - 8% Yield Anticipated  Net Leases  5% Increases|eliteplus|73|False|/for-sale/property-10-hedditch-south-hedland-wa-6722-504207800|tenanted|Sonic Healthcare lease to 2024 + option@@@Commanding 3,572sqm* site@@@Net leases, tenants pay outgoings|Burgess Rawson - Sydney@@@Burgess Rawson  - Perth |3572 m²|Medical/Consulting@@@Retail@@@Other||WA|10 Hedditch|6722|South Hedland|South Hedland, WA 6722|Contact Agent|for-sale
502741018|A-Grade Office with Turn-Key Fitout|eliteplus|1788|False|/for-sale/property-pymble-place-25-ryde-road-pymble-nsw-2073-502741018|vacant|Areas up to 2,974 sqm@@@Commanding Main Road exposure@@@Generous Parking (1:25sqm)|PropertyFox - Parramatta / St Leonards / Sydney|195 - 3414 m²|Offices@@@Medical/Consulting|251|NSW|Pymble Place, 25 Ryde Road|2073|Pymble|Pymble, NSW 2073|Contact Agent|for-sale
504212760|Expressions of Interest closing Wed 22 Feb 2023 at 4pm|eliteplus|66|False|/for-sale/property-22-28-malua-street-reservoir-vic-3073-504212760|any||Miles Real Estate - Ivanhoe & Rosanna|3200 m²|Industrial/Warehouse||VIC|22-28 Malua Street|3073|Reservoir|Reservoir, VIC 3073|Contact Agent|for-sale
504202528|FREEHOLD INDUSTRIAL PROPERTY FOR SALE ON 10,903m2 LAND  SUNSHINE COAST NORTH |eliteplus|80|False|/for-sale/property-19-20-lower-mill-road-cooroy-qld-4563-504202528|vacant||Ray White Commercial Northern Corridor Group  - Brisbane  Moreton Bay  Sunshine Coast|3379 m²|Industrial/Warehouse||QLD|19-20 Lower Mill Road|4563|Cooroy|Cooroy, QLD 4563|Offers Invited|for-sale
504196591|Final Release - Dilop at Epping|eliteplus|87|False|/for-sale/property-final-stage-dilop-at-epping-18-dilop-drive-epping-vic-3076-504196591|vacant|Fast growing urban residential catchment@@@9 lots ranging from 1,199sqm*-2,616sqm*@@@Industrial Zone 1|JLL - Melbourne|1199 m²|Industrial/Warehouse@@@Land/Development||VIC|Final Stage - Dilop at Epping, 18 Dilop Drive|3076|Epping|Epping, VIC 3076|Contact Agent|for-sale
504196587|Freehold Industrial Investment in Premier Regency Park|eliteplus|87|True|/for-sale/property-14-16-pambula-street-regency-park-sa-5010-504196587|tenanted||Knight Frank - Adelaide (RLA 199257)|1260 m²|Industrial/Warehouse||SA|14-16 Pambula Street|5010|Regency Park|Regency Park, SA 5010|Contact Agent|for-sale
504237620|New 6 Year Lease to EG Group – High Profile CBD Location|eliteplus|10|False|/for-sale/property-eg-fuel-322-main-street-bairnsdale-vic-3875-504237620|tenanted|New 6-year net lease to 2028@@@Annual CPI reviews@@@Potential 50% stamp duty savings|King and Heath First National - Bairnsdale@@@Burgess Rawson - Melbourne|1274 m²|Retail@@@Land/Development@@@Showrooms/Bulky Goods||VIC|EG Fuel, 322 Main Street|3875|Bairnsdale|Bairnsdale, VIC 3875|Contact Agent|for-sale
504202512|A premium investment you can BANK on!|eliteplus|80|False|/for-sale/property-41-43-bulcock-street-caloundra-qld-4551-504202512|tenanted|Strong National covenants ANZ & Westpac-@@@Estimated net income $210,093* p.a.+ GST@@@Unrivalled exposure to Bulcock Street|Colliers - Brisbane|547 m²|Retail@@@Medical/Consulting|10|QLD|41-43 Bulcock Street|4551|Caloundra|Caloundra, QLD 4551|Please contact agent|for-sale
503510626|Legal suites with River views!|eliteplus|1043|False|/for-lease/property-st-martins-centre-40-44-50-st-georges-terrace-perth-wa-6000-503510626|any|Fully fitted legal tenacnies available@@@Close proximity to Perth Legal District@@@Exceptional river views|Cushman & Wakefield - PERTH|40 - 4424 m²|Offices||WA|St Martins Centre, 40, 44 & 50 St Georges Terrace|6000|Perth|Perth, WA 6000|Contact Agent|for-lease
504186143|Prime new commercial and retail destination  |eliteplus|101|False|/for-lease/property-200-kingston-road-slacks-creek-qld-4127-504186143|any||Ray White Commercial - Springwood@@@Agency HQ - Queensland|25 - 1113 m²|Retail@@@Offices@@@Medical/Consulting|109|QLD|200 Kingston Road|4127|Slacks Creek|Slacks Creek, QLD 4127|Contact Agent|for-lease
504165579|Flexible office suites|eliteplus|129|False|/for-lease/property-16-24-elsie-street-burwood-nsw-2134-504165579|vacant|Flexible suites from 300sqm - 4,000sqm@@@High parking ratio@@@Walking distance to train station|JLL - Parramatta@@@Colliers - Sydney West  |300 m²|Offices|118|NSW|16-24 Elsie Street|2134|Burwood|Burwood, NSW 2134|Contact Agent|for-lease
503997683|193sqm Showroom! Incentives Available!|eliteplus|11|False|/for-lease/property-2-4-leach-crescent-rockingham-wa-6168-503997683|any||FPS Commercial Property - FREMANTLE|193 m²|Showrooms/Bulky Goods@@@Retail||WA|2/4 Leach Crescent|6168|Rockingham|Rockingham, WA 6168|$19,300 per annum|for-lease
504212852|Leasing Opportunity in Local Shopping Strip|eliteplus|66|False|/for-lease/property-90c-90d-winston-avenue-melrose-park-sa-5039-504212852|any||LJ Hooker Commercial - Adelaide|110 m²|Retail@@@Offices||SA|90C & 90D Winston Avenue|5039|Melrose Park|Melrose Park, SA 5039|Contact Agent|for-lease
504135767|Workshop With Gantry Cranes & Large Hardstand|eliteplus|172|False|/for-lease/property-159-beechboro-road-south-bayswater-wa-6053-504135767|any|2 x 10 Tonne Overhead Gantry Cranes@@@8.8m* Under Hook@@@Large Hardstand/Laydown Areas|Colliers International - Perth|2300 m²|Industrial/Warehouse||WA|159 Beechboro Road South|6053|Bayswater|Bayswater, WA 6053|Contact Agents To Discuss Now|for-lease
503770218|2 Showrooms Remaining at Remount Business Park!|eliteplus|375|False|/for-lease/property-8-2-corporate-drive-cranbourne-vic-3977-503770218|vacant|2-Level Office & Showroom@@@Street Facing, Corner Complex@@@Secure Gated Complex|Tabak Group|325 m²|Industrial/Warehouse@@@Showrooms/Bulky Goods@@@Offices||VIC|8 & 2 Corporate Drive|3977|Cranbourne|Cranbourne, VIC 3977|Contact Agent|for-lease
504217428|Prime Freestanding Industrial Facility|eliteplus|59|False|/for-lease/property-59-magnesium-drive-crestmead-qld-4132-504217428|any|1,734sqm* Freestaning Facility@@@1,200sqm warehouse with spray booth@@@Large 490sqm awning|CG Property Group|1734 m²|Industrial/Warehouse||QLD|59 Magnesium Drive|4132|Crestmead|Crestmead, QLD 4132|Contact Agent|for-lease
504170507|BRAND NEW PREMIUM MEDICAL CENTRE LEASING OPPORTUNITY – LOCATED WITHIN THE ACTIVITY HUB OF KNOX|eliteplus|122|False|/for-lease/property-knox-health-538-mountain-highway-bayswater-vic-3153-504170507|vacant|Areas ranging from 150sqm* – 620sqm*@@@134 car spaces incl basement & on-grade@@@High exposure corner + signage opps|CBRE - Melbourne|4500 m²|Medical/Consulting@@@Retail@@@Offices||VIC|Knox Health, 538 Mountain Highway|3153|Bayswater|Bayswater, VIC 3153|FOR LEASE VIA EXPRESSIONS OF INTEREST|for-lease
503932658|Best views on St George Terrace |eliteplus|469|False|/for-lease/property-golden-square-32-st-georges-terrace-perth-wa-6000-503932658|any|Uninterrupted Swan River Views@@@Large, efficient side core floorplates@@@Custom fitouts available|Cushman & Wakefield - PERTH@@@Knight Frank - Perth|1026 - 3108 m²|Offices||WA|Golden Square, 32 St Georges Terrace|6000|Perth|Perth, WA 6000|Contact Agent|for-lease
504202508|Trophy Bondi Beachfront Freehold|eliteplus|80|False|/for-sale/property-128-132-campbell-parade-bondi-beach-nsw-2026-504202508|tenanted|Land Area of 417m² approx.@@@Flexible Zoning Controls B2 Local Centre|Colliers - Sydney|417 m²|Land/Development@@@Hotel/Leisure@@@Retail||NSW|128-132 Campbell Parade|2026|Bondi Beach|Bondi Beach, NSW 2026|For Sale|for-sale
504156191|Boutique St Georges Terrace Office Suite - Ideal for Owner Occupiers|eliteplus|143|False|/for-sale/property-lot-82-12-st-georges-terrace-perth-wa-6000-504156191|vacant||Ray White Commercial WA - PERTH|94 m²|Offices|1|WA|Lot 82, 12 St Georges Terrace|6000|Perth|Perth, WA 6000|Contact Agent|for-sale
504202500|PRIZED CBD FRINGE WAREHOUSE  PART OF 4-PROPERTY INVESTMENT PORTFOLIO* |eliteplus|80|False|/for-sale/property-70-swan-street-wollongong-nsw-2500-504202500|tenanted||MMJ  Commercial - Wollongong|297 m²|Industrial/Warehouse||NSW|70 Swan Street|2500|Wollongong|Wollongong, NSW 2500|Expressions of Interest - Price Guide $1,200,000|for-sale
504196543|INNER NORTHERN INDUSTRIAL LAND FOR DEFINITE SALE|eliteplus|87|False|/for-sale/property-11-watervale-drive-green-fields-sa-5107-504196543|vacant|2031 sqm * of Prime Industrial Land@@@Established Industrial precinct@@@Access to Major freight corridors|CBRE - South Australia (RLA 208125)|2031 m²|Industrial/Warehouse@@@Land/Development||SA|11 Watervale Drive|5107|Green Fields|Green Fields, SA 5107|Contact Agent|for-sale
504207744|Development Site|eliteplus|73|False|/for-sale/property-2-macklin-street-sturt-sa-5047-504207744|vacant|Development Opportunities (STCC)@@@Shed Included@@@Flexible Zoning|Collins Bateman|700 m²|Land/Development@@@Industrial/Warehouse@@@Other||SA|2 Macklin Street|5047|Sturt|Sturt, SA 5047|$580,000 - $610,000|for-sale
504225340|Noosa's Best Warehousing - Stage 3 - Final Release |eliteplus|45|False|/for-sale/property-1-6-64-gateway-drive-noosaville-qld-4566-504225340|vacant||Forde Property Commercial - NOOSA HEADS|66 m²|Industrial/Warehouse@@@Showrooms/Bulky Goods||QLD|1-6/64 Gateway Drive|4566|Noosaville|Noosaville, QLD 4566|STARTING FROM OFFERS OVER $499,000|for-sale
504225336|Modern Integrated Industrial Warehousing and Residences|eliteplus|45|False|/for-sale/property-7-9-64-gateway-drive-noosaville-qld-4566-504225336|vacant||Forde Property Commercial - NOOSA HEADS|160 m²|Industrial/Warehouse@@@Showrooms/Bulky Goods||QLD|7-9/64 Gateway Drive|4566|Noosaville|Noosaville, QLD 4566|STARTING OFFERS OVER $1m|for-sale
504221468|~AUCTION ~ 8 Year Lease + Options  Freehold Property  Gold Coast|eliteplus|52|False|/for-sale/property-20-central-park-avenue-ashmore-qld-4214-504221468|tenanted|Medical grade tenant@@@Long term lease@@@Fringe Business Zoning|Crew Commercial -  Brisbane & Gold Coast Offices|940 m²|Industrial/Warehouse@@@Showrooms/Bulky Goods|12|QLD|20 Central Park Avenue|4214|Ashmore|Ashmore, QLD 4214|Call agent|for-sale
504085715|Clae Business Estate – Stage 1 30% SOLD|eliteplus|241|True|/for-sale/property-clae-business-estate-34-44-separation-street-north-geelong-vic-3215-504085715|any||Baywest Real Estate -            @@@Gartland (Commercial) - GEELONG|116 - 412 m²|Industrial/Warehouse||VIC|Clae Business Estate, 34-44 Separation Street|3215|North Geelong|North Geelong, VIC 3215|Priced from $534,990 Plus GST|for-sale
504191739|Substantial Collingwood Freehold Corner - 2 Shops + 3 Modern Townhouses|eliteplus|94|False|/for-sale/property-183-185-johnston-street-70-72-74-little-francis-street-collingwood-vic-3066-504191739|any|5 Titles To be Sold Collectively@@@36 m* Frontage to Johnston Street@@@Prominent Activity Centre Position|Stonebridge Property Group - Melbourne|513 m²|Retail@@@Showrooms/Bulky Goods@@@Hotel/Leisure|3|VIC|183-185, Johnston Street & 70, 72, 74 Little Francis Street|3066|Collingwood|Collingwood, VIC 3066|$3,450,000|for-sale
503587490|Secure Boutique Whole Floors With Fit outs|eliteplus|944|False|/for-lease/property-whole-floors-61-york-street-sydney-nsw-2000-503587490|any|Whole floor with enclosed balcony@@@Brand New Fitouts Available @@@Own kitchen and bathrooms|Ray White Commercial (Office Leasing) - SYDNEY|207 - 621 m²|Offices||NSW|Whole floors, 61 York Street|2000|Sydney|Sydney, NSW 2000|Rents from $950sqm pa gross plus GST|for-lease
502924094|Brand New Spec Suite - 107sqm - Combination of Open Plan Workstations & Private Offices|eliteplus|1609|False|/for-lease/property-100-edward-street-brisbane-city-qld-4000-502924094|any|Brand New Spec Fit Out - 107m²@@@Combination of Open Plan & Offices@@@Great Natural Light Throughout|Caden Office Leasing - Brisbane City|107 m²|Offices||QLD|100 Edward Street|4000|Brisbane City|Brisbane City, QLD 4000|$70K + GST (Subject to Lease Term)|for-lease
504196663|Brand New Office Space with Outstanding Facilities and Views|eliteplus|87|False|/for-lease/property-21-24-north-terrace-adelaide-sa-5000-504196663|any||McGees Property - Adelaide (RLA 1722)|596 m²|Medical/Consulting@@@Offices||SA|21-24 North Terrace|5000|Adelaide|Adelaide, SA 5000|Contact Agents for Rental Details|for-lease
504182663|1-500sqm Available. Suit Variety Of Businesses. Fully Serviced. Short Or Long Term.|eliteplus|104|False|/for-lease/property-8-clunies-ross-court-eight-mile-plains-qld-4113-504182663|any||LJ Hooker Commercial - Brisbane|1 - 500 m²|Offices@@@Medical/Consulting||QLD|8 Clunies Ross Court|4113|Eight Mile Plains|Eight Mile Plains, QLD 4113|From $550 per month plus GST|for-lease
504212808|Your new HQ. Whole floor or whole building opportunity.|eliteplus|66|False|/for-lease/property-3-richardson-street-west-perth-wa-6005-504212808|any|Low gross occupancy cost@@@Fitted floors@@@Light tenancies with leafy aspect|Colliers International - Perth|418 - 844 m²|Offices||WA|3 Richardson Street|6005|West Perth|West Perth, WA 6005|$275/sqm net|for-lease
504167495|Range of half floor or full floor offices within desirable CBD location|eliteplus|125|False|/for-lease/property-191-clarence-street-sydney-nsw-2000-504167495|any|Half or full floor tenancies@@@Existing fit-outs@@@Available immediately|Mercer Property - SYDNEY|116 - 279 m²|Offices||NSW|191 Clarence Street|2000|Sydney|Sydney, NSW 2000|Contact Agent|for-lease
504161507|Exceptionally Well Presented Office Suites at Attractive Rates|eliteplus|136|False|/for-lease/property-161-walker-street-north-sydney-nsw-2060-504161507|any|Entry Level Office Suites@@@Easy Access to Public Transport@@@Refurbished and Fitted - out options|Raine & Horne Commercial - North Sydney|60 - 185 m²|Offices|1|NSW|161 Walker Street|2060|North Sydney|North Sydney, NSW 2060|PLEASE CONTACT AGENT|for-lease
504161459|Sublease / Stand Alone Facility / 5 Doors & 2 Docks|eliteplus|136|False|/for-lease/property-regents-park-nsw-2143-504161459|vacant|Lockable standalone facility@@@Access via 5 on grade doos and 2 docks@@@Warehouse clearance reaching 7.9m*|JLL - Parramatta|7248 m²|Industrial/Warehouse||NSW|Address available on request|2143|Regents Park|Regents Park, NSW 2143|Contact Agent|for-lease
5762535|Suites and whole floors available on Martin Place doorstep|eliteplus|4332|True|/for-lease/property-25-martin-place-sydney-nsw-2000-5762535|any|New suites from 190sqm@@@Full floors from 1,974sqm@@@Stunning harbour views|Dexus@@@Cushman & Wakefield - Sydney|190 - 1974 m²|Offices||NSW|25 Martin Place|2000|Sydney|Sydney, NSW 2000|Contact Agent|for-lease
504233744|GROUND FLOOR OFFICE|eliteplus|17|False|/for-lease/property-unit-1-84-matlock-street-mount-hawthorn-wa-6016-504233744|any|GROUND FLOOR@@@SIGNAGE OPPORTUNITY@@@4 CAR BAYS|Altegra Property Group - Perth|230 m²|Offices@@@Medical/Consulting|4|WA|Unit 1, 84 Matlock Street|6016|Mount Hawthorn|Mount Hawthorn, WA 6016|$295/sqm + Outgoings + Parking + GST|for-lease
504196487|SOLD PRIOR TO AUCTION|eliteplus|87|False|/for-sale/property-2-arnott-place-wetherill-park-nsw-2164-504196487|tenanted||Coutts - South West |804 m²|Industrial/Warehouse||NSW|2 Arnott Place|2164|Wetherill Park|Wetherill Park, NSW 2164|Contact Agent|for-sale
504202428|Strategic Low Site Coverage Offering in Blue Chip Location|eliteplus|80|False|/for-sale/property-59-65-67-69-webber-parade-keilor-east-vic-3033-504202428|vacant|Versatile Low Site Coverage Offering@@@Ample Yard & Parking@@@Western Ring Road Signage Opportunities|JLL - Melbourne|850 m²|Industrial/Warehouse||VIC|59-65 & 67-69 Webber Parade|3033|Keilor East|Keilor East, VIC 3033|Contact Agent|for-sale
504237552|Strategic Viva Energy Investment Within Booming Metro Perth Industrial Precinct|eliteplus|10|False|/for-sale/property-viva-energy-9-pritchard-street-o-connor-wa-6163-504237552|tenanted|New 15-year net lease to 2037@@@Tenant pays outs incl Land Tax@@@Annual 3% rent increases|Burgess Rawson  - Perth @@@Burgess Rawson - Melbourne|2798 m²|Retail@@@Land/Development@@@Showrooms/Bulky Goods||WA|Viva Energy, 9 Pritchard Street|6163|O'Connor|O'Connor, WA 6163|Contact Agent|for-sale
504237548|RARE STRATEGICALLY LOCATED WAREHOUSE|eliteplus|10|False|/for-sale/property-3-107-109-whitehall-street-footscray-vic-3011-504237548|vacant|Exceptional city fringe location@@@Character and charm filled building@@@Highly functional facility|Ryder Commercial Pty Ltd - Melbourne|1209 m²|Industrial/Warehouse@@@Land/Development|5|VIC|3/107-109 Whitehall Street|3011|Footscray|Footscray, VIC 3011|CONTACT AGENT|for-sale
504233660|LANDMARK FREESTANDING FACILITY - FOR SALE/LEASE|eliteplus|17|False|/for-sale/property-807-boundary-road-darra-qld-4076-504233660|vacant||DUGAN & CO PROPERTY - NEWSTEAD|4500 m²|Industrial/Warehouse@@@Showrooms/Bulky Goods@@@Offices||QLD|807 Boundary Road|4076|Darra|Darra, QLD 4076|EOI Closing Thursday the 16th of February at 5pm|for-sale
504217264|Rare Market Opportunity, Exclusive Warehouses to Doonside & Holbeche Road - Enquire today, Don't miss out!!!|eliteplus|59|False|/for-sale/property-3-holbeche-road-arndell-park-nsw-2148-504217264|vacant|Prominent Doonside Rd Location@@@Ideal for Investors & Owner Occupiers @@@Sizes Ranging From 147m² to 582m²|PRD Commercial -  Western Sydney@@@Akura Properties Pty Ltd@@@Colliers - Sydney West  |147 m²|Industrial/Warehouse||NSW|3 Holbeche Road|2148|Arndell Park|Arndell Park, NSW 2148|Brand New Industrial Warehouse Offering!!!|for-sale
504196455|A LOVED GEM IN STUNNING NORTH EAST VICTORIA|eliteplus|87|False|/for-sale/property-5557-omeo-highway-mitta-mitta-vic-3701-504196455|vacant|Land area of 3,058sqm*@@@General licence until 1am@@@Reliable performer (consistent trade)|CBRE - Hotels|3058 m²|Hotel/Leisure||VIC|5557 Omeo Highway|3701|Mitta Mitta|Mitta Mitta, VIC 3701|Contact Agent|for-sale
504241316|Premium Tenanted Retail Tenancy in Anzac Arcade|eliteplus|3|False|/for-sale/property-25-198-adelaide-street-brisbane-city-qld-4000-504241316|any|Heritage Anzac Arcade tenancy@@@High foot traffic zone@@@Tenanted investment|Blue Commercial - FORTITUDE VALLEY@@@JD QLD Real Estate Holdings - BRISBANE CITY|68 m²|Retail||QLD|25/198 Adelaide Street|4000|Brisbane City|Brisbane City, QLD 4000|Contact Agent|for-sale
504202404|Rare Tilt Panel Investment backed by international business |eliteplus|80|False|/for-sale/property-52-flinders-parade-north-lakes-qld-4509-504202404|tenanted||Ray White Commercial (Southwest) - NEWSTEAD|950 m²|Industrial/Warehouse@@@Offices||QLD|52 Flinders Parade|4509|North Lakes|North Lakes, QLD 4509|Contact Agent|for-sale
504196443|A 100% Leased Templestowe Freehold with Unrivalled Fundamentals|eliteplus|87|False|/for-sale/property-126-130-james-street-templestowe-vic-3106-504196443|any|Anchored by Bendigo Bank@@@641 sqm* C1Z Landholding@@@Flexibility of Three Frontages|Stonebridge Property Group - Melbourne|482 m²|Retail@@@Showrooms/Bulky Goods@@@Offices|5|VIC|126-130 James Street|3106|Templestowe|Templestowe, VIC 3106|Contact Agent|for-sale
504128067|Prime Queen Street Office with Private Terrace and Rooftop!|eliteplus|181|False|/for-lease/property-1-5-level-7-131-queen-street-melbourne-vic-3000-504128067|any|Exclusive rooftop and outdoor terrace @@@Flexible open floorplan @@@Magnificent views and natural light|Nelson Alexander Commercial|58 - 90 m²|Offices||VIC|1-5, Level 7/131 Queen Street|3000|Melbourne|Melbourne, VIC 3000|Contact Agent|for-lease
504073851|Commercial Office Fitted and Furnished|eliteplus|256|False|/for-lease/property-ga-747-lytton-road-murarrie-qld-4172-504073851|vacant|Ground floor furnished office suite@@@High speed fibre network@@@45 generous sized work stations|Savills - Brisbane|435 m²|Offices||QLD|GA, 747 Lytton Road|4172|Murarrie|Murarrie, QLD 4172|Please Contact Agent|for-lease
504191647|Office with Access to Motorways|eliteplus|94|False|/for-lease/property-44-formation-street-wacol-qld-4076-504191647|any|64 Carparks@@@1,116sqm* Office@@@Secure Fenced Site|CG Property Group@@@Raine & Horne Commercial - Brisbane Southside & Bayside|1161 m²|Offices||QLD|44 Formation Street|4076|Wacol|Wacol, QLD 4076|Contact Agent|for-lease
504065135|GROUND FLOOR CAFE & VARIETY OF OFFICE SUITES|eliteplus|269|False|/for-lease/property-10-help-street-chatswood-nsw-2067-504065135|any|FLEXIBLE LEASE TERMS@@@INCREDIBLY COMPETITIVE RENT@@@SECURE PARKING|X Commercial  - Lower North Shore|75 - 726 m²|Offices@@@Medical/Consulting||NSW|10 Help Street|2067|Chatswood|Chatswood, NSW 2067|Contact Agent|for-lease
504027387|Orchard Quarter - Unrivalled Opportunity within State of the Art Mixed Industrial Commercial Use Precinct with Food Innovation Hub|eliteplus|325|False|/for-sale/property-27-sunny-bank-road-lisarow-nsw-2250-504027387?listingType=rent|vacant|14,454 m2 approx. of lettable area@@@Childcare, Vet, Cafe, Gym, Restaurant@@@Large & Small warehousing|LJ Hooker Commercial Terrigal - TERRIGAL|60 - 2285 m²|Industrial/Warehouse@@@Retail||NSW|27 Sunny Bank Road|2250|Lisarow|Lisarow, NSW 2250|For Sale/Lease|for-lease
503944166|FULLY FITTED PREMISES WITH UNINTERRUPTED SWAN RIVER VIEWS|eliteplus|417|False|/for-lease/property-30-the-esplanade-perth-wa-6000-503944166|any|Whole floor available 646 sqm@@@Fitted and furnished @@@Stunning Swan River views|CBRE - Perth  @@@Cushman & Wakefield - PERTH|645 m²|Offices||WA|30 The Esplanade|6000|Perth|Perth, WA 6000|Contact Agent|for-lease
504085743|Ellison Estate – Q2 2023 Completion – Pre-Commitments Now Available|eliteplus|241|False|/for-lease/property-22-ellison-road-geebung-qld-4034-504085743|vacant||JLL - Brisbane@@@Cushman & Wakefield - Brisbane|600 - 3500 m²|Industrial/Warehouse@@@Offices@@@Showrooms/Bulky Goods||QLD|22 Ellison Road|4034|Geebung|Geebung, QLD 4034|Please Contact Agents|for-lease
504072211|Brand New Tenancy With River Views Available On Flexible Terms.|eliteplus|257|False|/for-lease/property-7-10-felix-brisbane-city-qld-4000-504072211|vacant|Brand New Turn Key Fit out @@@Golden Triangle Location @@@River Views |Caden Office Leasing - Brisbane City|597 m²|Offices||QLD|7/10  Felix|4000|Brisbane City|Brisbane City, QLD 4000|Competitive Rates On Variable Terms.|for-lease
504217396|Pop-Up Shop or Monthly Tenancy|eliteplus|59|False|/for-lease/property-g1a-127-rundle-mall-adelaide-sa-5000-504217396|any|Prime Location@@@Pop-up or Monthly Tenancy|Prorealty - KENT TOWN|37 m²|Retail||SA|G1A, 127 Rundle Mall|5000|Adelaide|Adelaide, SA 5000|Contact Agent|for-lease
504185967|Architecturally Designed Units|eliteplus|101|False|/for-sale/property-lot-21-22-cobbans-close-beresfield-nsw-2322-504185967?listingType=rent|vacant|Units from 93 sqm* to 267 sqm*@@@Concrete panel construction@@@Only 8 in the complex|Knight Frank - Newcastle|93 - 267 m²|Industrial/Warehouse|16|NSW|Lot 21 & 22 Cobbans Close|2322|Beresfield|Beresfield, NSW 2322|Contact Agent|for-lease
